article_url,article_title,article_summary,publish_date,article_authors,timestamp,Category,checked
https://www.cnn.com/2025/12/28/politics/2028-presidential-election-republicans-vance-rubio-analysis,It’s time for Republicans to start thinking about 2028 and the post-Trump era,"JD Vance is Republicans’ 2028 pace car WOLF: Democrats will have a wide-open field with no clear leader in 2028.
Trump is teasing a Vance-Rubio ticket WOLF: Trump likes to make jokes about Vance and Rubio running together.
He is attached to President Trump for all four years.
He could continue to evolve WOLF: Vance is someone whose politics and allegiances have shifted multiple times in his relatively short political career.
WOLF: Trump is so unique because he has this committed following of supporters.",2025-12-28 00:00:00,['Zachary B. Wolf'],1766926826.663649,Other,
https://www.cnn.com/2025/12/28/europe/italy-arrests-hamas-charities-funding-intl,Italy arrests nine over alleged Hamas funding through charities,"Italian prosecutors said on Saturday they had arrested nine people on suspicion of financing Hamas through charities based in Italy, in an operation coordinated by anti-mafia and anti-terrorism units.
Those arrested allegedly diverted to Hamas-linked entities around 7 million euros ($8.24 million) raised over the last two years for ostensibly humanitarian purposes, prosecutors said.
Police seized assets worth more than 8 million euros.
Meloni’s support for Israel during its war with Hamas in Gaza has triggered large and repeated street protests in Italy.
It was triggered by a Hamas-led attack on southern Israel on October 7, 2023, which killed around 1,200 people, according to Israeli tallies.",2025-12-28 00:00:00,[],1766926829.7541611,Other,
https://www.cnn.com/travel/most-exciting-new-trains-for-2026,The most exciting new trains coming in 2026,"From budget overnight services to hyper-luxury “land cruises,” the range and quality of rail travel continue to expand.
Together, they offer a snapshot of how rail travel is changing — and why 2026 may prove a particularly exciting year for trains, both practical and indulgent.
Among the best in the world are the sleek red trains operated by Trenitalia and its privately owned rival, Italo.
Rocky Mountaineer expansion The glass-roofed Rocky Mountaineer, long positioned at the premium end of scenic rail travel, is expanding with a new limited-edition route in 2026.
Seven Stars in Kyushu One of the world’s most exclusive luxury trains, Japan’s Seven Stars in Kyushu accommodates just 28 passengers per trip and is booked years in advance.",2025-12-28 12:00:58.908000+00:00,['Ben Jones'],1766926840.744709,Other,
https://www.cnn.com/2025/12/28/entertainment/video/french-actress-brigitte-bardot-obit-digvid,Legendary French actress Brigitte Bardot dies at 91,"Brigitte Bardot, the iconic actress known for films like ""Helen of Troy"" and ""Dear Brigitte,"" has died at 91 years old, according to a statement from her foundation given to CNN on Sunday.
After retiring from acting, she carved an unconventional path as an advocate for animal rights.
CNN's Stephanie Elam reports.",2025-12-28 00:00:00,['Zane Heinlein'],1766926844.766893,Other,
https://www.cnn.com/2025/12/28/health/video/creatine-allison-morrow-digvid-vrtc,Does creatine live up to the hype?,"Creatine is everywhere, again, and those who take it claim it boosts muscle, mood, memory, and sleep.
CNN’s Allison Morrow put that to the test, taking creatine for six months to see if it really lives up to gymfluencers’ claims and what health experts have to say about it.
From Tokyo to Baghdad, videos capture how people all across the world are celebrating Christmas this year.
New York City’s MetroCard transformed one of the world’s busiest transit systems and is set to be phased out by December 31, 2025.
Each Christmas, letters to Santa pour in from around the world to a small town just outside Oslo.",2025-12-28 00:00:00,['Sophia Anderson'],1766926847.4254534,Other,
https://www.cnn.com/2025/12/28/health/video/ctm-flu-cases-rise-dr-debra-houry,Former CDC Chief Medical Officer criticizes Health Department’s handling of rising flu cases,Video player was slow to load content Video content never loaded Ad froze or did not finish loading Video content did not start after ad Audio on ad was too loud Other issues Ad never loaded Ad prevented/slowed the page from loading Content moved around while ad loaded Ad was repetitive to ads I've seen previously Other issues,2025-12-28 00:00:00,[],1766926851.2751677,Other,
https://www.cnn.com/politics/live-news/trump-zelensky-ukraine-news-12-28-25,Live updates: Trump and Zelensky meet for Ukraine war talks,"US President Donald Trump is set to meet with his Ukrainian counterpart Volodymyr Zelensky later today, in the latest round of talks hoping to navigate an end to Russia’s war in Ukraine.
President Donald Trump said the issue of affordability, or as he called it, “pricing,” will be a dominant issue facing voters ahead of next year’s midterm elections.
It includes a 2021 subpoena to Mar-a-Lago before Maxwell’s trial and the email from federal prosecutors about President Donald Trump flying on Epstein’s jet in the 1990s.
Ukrainian President Volodymyr Zelensky is set to meet with his US counterpart, Donald Trump, in Florida today for key talks in the effort to end Russia’s war in Ukraine.
Russia launches massive attack on Kyiv Russia carried out attacks on Ukraine overnight, the day before Ukraine’s President Volodymyr Zelensky is set to meet President Donald Trump in Florida.",2025-12-28 13:27:42.972000+00:00,['Meg Wagner'],1766930272.6896462,Other,
https://www.cnn.com/2025/12/27/business/warren-buffett-berkshire-hathaway-pitchman,"With Warren Buffett’s retirement, Berkshire Hathaway loses its best pitchman","Warren Buffett became the the world’s most famous investor because of his sage investment wisdom at the helm of Berkshire Hathaway.
It joined through an indirect line of corporate takeovers, after Berkshire Hathaway acquired Alleghany in 2022, the parent company of Squishmallow-maker Jazwares.
Squishmallow made its first appearance in Omaha in 2023, debuting a Warren Buffett and Charlie Munger plush.
Heinz Warren Buffett has a long corporate history with Heinz.
Brooks Running Not everyone can run Berkshire Hathaway, but at least you can run with Berkshire-backed Brooks Running shoes, with the founder himself on the soles.",2025-12-27 00:00:00,['Ramishah Maruf'],1766930297.220005,Other,
https://www.cnn.com/2025/12/26/media/its-a-wonderful-life-abridged-version,The strange history of the abridged version of ‘It’s a Wonderful Life’ that cuts out the movie’s pivotal scene,"That’s the surprise you got if you selected the “abridged” version of the Christmas classic “It’s a Wonderful Life” on Amazon Prime Video.
‘The Greatest Gift’ “It’s a Wonderful Life” is loosely based on the 1943 short story “The Greatest Gift,” written by Philip Van Doren Stern.
Republic then entered into an exclusive agreement with NBC to broadcast “It’s a Wonderful Life” from then on.
In addition to Legend’s abridged version of “It’s a Wonderful Life,” Amazon also streams Legend’s colorized version of the film for Prime customers.
The story of the abridged version of “It’s a Wonderful Life” is as complex as the copyright saga itself.",2025-12-26 00:00:00,['David Goldman'],1766930301.8743749,Other,
https://www.cnn.com/2025/12/27/business/fed-k-shaped-economy-interest-rates,The Fed admits it can’t fix an economic problem it helped create,"In 2020, the Fed was justified in slashing interest rates to near-zero to support an economy battered by the pandemic.
The Fed kept rates at ultra-low levels until March 2022, when it began to hike rates aggressively to combat inflation.
That means it can’t help specific groups whenever it’s trying to boost or ease pressure off the labor market, which is what officials are currently doing.
Over the past two years, the Fed has lowered its benchmark lending rate by 1.75 points in an effort to keep the labor market afloat.
“This means we cannot let the labor market falter.",2025-12-27 00:00:00,['Bryan Mena'],1766930315.1667583,Other,
https://www.cnn.com/2025/12/23/business/video/max-tegmark-ai-superintelligence-jobs-spc-digvid,Max Tegmark predicts superintelligence could make “everybody economically obsolete”,,2025-12-23 00:00:00,['Sandy Thin'],1766930321.788553,Other,
https://www.cnn.com/2025/12/26/business/powerball-jackpot-winning-ticket-arkansas,$1.8 billion Powerball winner could remain anonymous for some time under Arkansas law,"Keeping the windfall private Arkansas is one of a growing number of states allowing lottery winners to remain anonymous.
Even without outside pressure, the sudden influx of wealth has financially destroyed some jackpot winners who weren’t prepared to manage it.
Strong, Arkansas Lottery executive director, agrees.
He won a $29 million Powerball prize in 1999 at the age of 21, allowing him to retire from his job as a gas station attendant.
In this case, the Murphy USA gas station in Cabot will receive a $50,000 prize.",2025-12-26 00:00:00,"['Toni Odejimi', 'Rafael Romo']",1766930336.0913234,Other,
https://www.cnn.com/2025/12/28/business/nyc-metrocard-retired,The end of the line: New York City’s iconic MetroCard is about to go out of service,"From tokens to cards New York City subway’s iconic tokens were the default form of fare payment before the MetroCard was introduced.
At one point the MTA considered integrating MetroCards with pay phones so callers didn’t have to use coins (that didn’t end up happening, though).
A collector’s item But just as New York subway tokens became icons of the city, so did the MetroCard.
The year the MTA launched the MetroCard, 1994, was also when it released an inaugural limited edition card.
To his surprise, many of those customers aren’t based in New York and yet they exhibit the same admiration for the MetroCard as lifelong New Yorkers.",2025-12-28 00:00:00,['Elisabeth Buchwald'],1766930348.4299686,Other,
https://www.cnn.com/2025/12/28/us/winter-weather-alerts-weekend-travel,Millions under winter weather alerts on busy post-holiday travel day,"At least 2 million people are under blizzard warnings in the Midwest, where winds could gust from 40 to 60 mph.
New England will see rain and freezing rain late Sunday into Monday, but the Ohio Valley and I-95 corridor will see mostly rain.
The National Weather Service office in Des Moines, Iowa, “discouraged” those traveling Sunday into Monday.
Blowing snow will lead to whiteout conditions over northern Iowa Sunday and Sunday night,” the Weather Service said in a post on X.
Sunday’s weather is just the latest in what’s already been a tough travel weekend for those in the northeast.",2025-12-28 00:00:00,['Michelle Watson'],1766949962.2779272,Other,True
https://www.cnn.com/2025/12/28/us/helicopter-collision-new-jersey,"One person is dead and another is injured in midair helicopter crash in New Jersey, officials say","Hammonton, New Jersey (AP) — One person was killed and another was left critically injured after two helicopters crashed in southern New Jersey on Sunday, officials said.
The Federal Aviation Administration described the crash as a midair collision.
One person was killed and another was transported to a nearby hospital with life-threatening injuries.
Video from the scene showed a helicopter spinning rapidly to the ground.
The FAA and National Transportation Safety Board have been notified and will be investigating the crash, Friel said.",2025-12-28 00:00:00,[],1766949965.0580552,Other,True
https://www.cnn.com/2025/12/28/travel/video/mount-etna-eruption-skier-italy-digvid,Skier rides down Mt. Etna as it erupts,Travel expert gives tips for the best deals and destinations in 2026 2:10 Now playing • Source: CNN,2025-12-28 00:00:00,['Zane Heinlein'],1766949968.9610517,Other,True
https://www.cnn.com/2025/12/28/politics/video/times-kid-of-the-year-using-ai-to-help-seniors,How TIME’s Kid of the Year is using AI to help seniors,"CNN values your feedback 2.
Did you encounter any technical issues?
Your effort and contribution in providing this feedback is much appreciated.",2025-12-28 00:00:00,['Jake Tapper'],1766949974.5937784,Other,True
https://www.cnn.com/2025/12/28/politics/video/ai-impact-on-kids-will-make-a-preexisting-problem-much-worse,"Author on AI’s impact on kids: ‘It’s likely to make a preexisting problem much, much worse’","CNN values your feedback 1.
How relevant is this ad to you?",2025-12-28 00:00:00,['Jake Tapper'],1766949978.267638,Other,True
https://www.cnn.com/2025/12/28/middleeast/harsh-winter-weather-flooding-despair-gaza-intl,A weekend of harsh winter weather brings more death and despair to people in Gaza,"Fierce rain and bitter cold continued to batter Gaza this weekend, as the number of Palestinians killed by the harsh winter weather continues to rise.
Sunday saw two people killed, including a seven-year-old child, when a wall collapsed due to the cold weather, according to Gaza’s civil defense.
At least 49 buildings have collapsed due to the weather since the onset of Winter, the GMO added.
In Khan Younis, people woke up to pools of water in their tents after a night of heavy rainfall, according to a spokesperson for the Civil Defense in the Rafah Governorate.
Harsh winter weather is compounding more than two years of suffering.",2025-12-28 00:00:00,"['Mohammed al-Sawalhi', 'Ibrahim Dahman', 'Caitlin Danaher']",1766949999.3099172,Other,True
https://www.cnn.com/2025/12/28/middleeast/syria-alawites-clashes-counter-demonstrators-intl,"Syria: 3 dead, dozens injured during clashes between Alawites and counterdemonstrators","Clashes broke out on Syria’s coast between protesters from the Alawite religious minority and counterdemonstrators on Sunday, killing at least three people and injuring dozens of others, health officials said.
Security forces tried to break up the two sides and fired into the air in an attempt to disperse them.
Later, state-run news agency SANA reported that a member of the security forces was killed by gunfire.
In March, an ambush carried out by Assad’s supporters against security forces triggered days of violence that left hundreds of people dead, most of them Alawites.
During the rein of the Assad dynasty, Alawites were overrepresented in government jobs and in the army and security forces.",2025-12-28 00:00:00,[],1766950001.953442,Other,True
https://www.cnn.com/2025/12/28/sport/tennis-battle-sexes-nick-kyrgios-aryna-sabalenka,Kyrgios beats Sabalenka in ‘Battle of the Sexes’ showdown,"The clash between four-times Grand Slam champion Sabalenka and former world number 13 Kyrgios was billed as entertainment but critics warned that it risked reducing women’s tennis to a sideshow and trivializing its progress toward equality.
“I don’t think many people would have put their hand up to be in this position, especially in my position,” Kyrgios said.
‘Great Opportunity’ “It was a really tough match,” Kyrgios added.
“I think I put on a great fight,” Sabalenka said.
“I made a lot of great shots, moved a lot to the net … great drop shots, Nick, great serving.",2025-12-28 00:00:00,[],1766950009.6548567,Other,True
https://www.cnn.com/2025/12/28/world/video/taiwan-earthquake-tremors-vrtc,7.0 magnitude earthquake strikes Taiwan,"Footage captured the moment a mother carried her child to safety after a 7.0 magnitude earthquake struck Taiwan.
The quake hit the northeastern coastal city of Yilan on Saturday and it was felt across Taiwan including the city of Taipei, the island’s weather administration said, with no immediate reports of major damage.
Iconic French actress Brigitte Bardot passed away on Sunday at the age of 91, according to a statement from her foundation.
Russia carried out attacks on Ukraine overnight, the day before Ukraine’s President Volodymyr Zelensky is set to meet President Donald Trump in Florida.
The aerial attack killed at least two people and injured 44 more, according to local authorities.",2025-12-28 00:00:00,['Jocelyn Contreras'],1766950012.225016,Other,True
https://www.cnn.com/2025/12/28/health/miscarriage-essay-wellness,My miscarriage was an isolating experience until I saw I didn’t have to go through it alone,"I was 18 weeks’ pregnant nearly four years ago when I learned of my miscarriage during a routine ultrasound.
The pregnancy loss community is a hellish club to join, but the most loving and supportive group I have ever been a part of.
I had tearful conversations with so many women about miscarriage and pregnancy loss and infertility that, while heartbreaking, filled me up and gave me the fuel to keep going.
Pregnancy loss is an isolating experience, but for better or worse, none of us have to go through it alone.
I’m sorry I didn’t get to be your mom.” So how can anyone deal with pregnancy loss?",2025-12-28 00:00:00,[],1766950015.0352576,Other,True
https://www.cnn.com/2025/12/28/politics/video/independent-senator-bernie-sanders-says-ai-is-the-most-consequential-technology,Sen. Bernie Sanders warns AI is ‘the most consequential technology in the history of humanity’,"CNN values your feedback 1.
How relevant is this ad to you?
Did you encounter any technical issues?",2025-12-28 00:00:00,['Jake Tapper'],1766950018.88688,Other,True
https://www.cnn.com/2025/12/28/entertainment/video/french-actress-brigitte-bardot-obit-vrtc,Actress Brigitte Bardot dies at 91,"Iconic French actress Brigitte Bardot passed away on Sunday at the age of 91, according to a statement from her foundation.
Bardot acted in films internationally, later retiring to become an advocate for animal rights.
Authorities say at least 15 people were killed and others injured after a passenger bus crashed off a highway in western Guatemala.
While the United States’ economy may appear strong on paper, many people say they’re struggling due to rising prices.
The aerial attack killed at least two people and injured 44 more, according to local authorities.",2025-12-28 00:00:00,['Zane Heinlein'],1766950021.4987338,Other,True
https://www.cnn.com/2025/12/28/travel/video/skier-mount-etna-eruption-italy-vrtc,Skier rides down Mt. Etna as it erupts,"Video shows a lone skier riding down Mount Etna in Italy while it erupted.
The volcano, one of the world's most active, saw days of activity before the eruption on Saturday.
Iconic French actress Brigitte Bardot passed away on Sunday at the age of 91, according to a statement from her foundation.
From Tokyo to Baghdad, videos capture how people all across the world are celebrating Christmas this year.
New York City’s MetroCard transformed one of the world’s busiest transit systems and is set to be phased out by December 31, 2025.",2025-12-28 00:00:00,['Zane Heinlein'],1766950024.1944664,Other,True
https://www.cnn.com/african-voices/nigerian-music-executives-canada-afrobeats-global-gateway,How Nigerian music executives are turning Canada into Afrobeats’ next global gateway,"With Africa’s sound driving global pop culture, Hi-Way 89 Entertainment is positioning Canada as a launchpad for the next generation of African and diaspora artists.
CNN’s Larry Madowo follows Nigerian music executives Ikenna Nwagboso and Camillo Doregos as they rethink artist development, collaboration, and global strategy in an evolving music industry.",2025-12-28 19:47:16.420000+00:00,['Lauren Lee'],1766952330.46029,Other,True
https://www.cnn.com/2025/12/28/business/avatar-fire-and-ash-box-office,‘Avatar: Fire and Ash’ ignites box office for second straight weekend,"Moviegoers flocked to theaters for Disney’s “Avatar: Fire and Ash” on the last weekend of the year, solidifying the sci-fi adventure film’s place as one of the biggest blockbusters of 2025.
2 at the box office with $20 million, a 35% jump from last weekend, according to Comscore.
This was the best Christmas week for the box office since 2020, according to Robbins.
The overall domestic box office has grossed $8.76 billion in earnings in 2025, according to Comscore data.
Box office numbers are still well behind 2019, when domestic earnings totaled more than $11 billion.",2025-12-28 00:00:00,['Auzinea Bacon'],1766952336.0191512,Other,True
https://www.cnn.com/2025/12/28/china/china-taiwan-military-drills-hnk-intl,China announces major military drills around Taiwan in ‘serious warning’ against any push for independence,"China’s military announced Monday it was mobilizing army, navy, air and rocket units around Taiwan in major military drills to test what it said was combat readiness and to send a “serious warning” against any push for Taiwanese independence.
Taiwan’s government condemned the drills, accusing China of “military intimidation.” China has significantly stepped up Taiwan encirclement drills since 2022, following then US House Speaker Nancy Pelosi’s visit to Taipei which marked a significant show of support for Taiwan and infuriated Beijing’s leadership.
The areas will be under sea and air space restrictions for 10 hours from 8:30 a.m. local time.
“This exercise serves as a serious warning to ‘Taiwan independence’ separatist forces and external interfering forces, and is a legitimate and necessary action to safeguard national sovereignty and maintain national unity,” Shi said.
China’s Communist Party claims self-ruled and democratic Taiwan as part of its sovereign territory, despite never having controlled it.",2025-12-28 00:00:00,"['Laura Sharman', 'Yong Xiong', 'Wayne Chang']",1766983403.4016428,Other,True
https://www.cnn.com/2025/12/28/world/video/families-in-gaza-facing-food-insecurity-and-harsh-winter-conditions,Families in Gaza facing food insecurity and harsh winter conditions,Video player was slow to load content Video content never loaded Ad froze or did not finish loading Video content did not start after ad Audio on ad was too loud Other issues Ad never loaded Ad prevented/slowed the page from loading Content moved around while ad loaded Ad was repetitive to ads I've seen previously Other issues,2025-12-28 00:00:00,['Jamille Whitlow'],1766983409.7397673,Other,True
https://www.cnn.com/2025/12/28/world/video/trump-says-he-made-a-lot-of-progress-with-zelensky,Trump says he ‘made a lot of progress’ in meeting with Zelensky,Travel expert gives tips for the best deals and destinations in 2026 2:10 Now playing • Source: CNN,2025-12-28 00:00:00,['Steven Kern'],1766983415.6487176,Other,True
https://www.cnn.com/2025/12/28/americas/mexico-train-interoceanic-intl-latam,Mexico train derailment: At least 13 dead after Interoceanic Train derails in Oaxaca,"At least 13 people have died and 98 were injured after a train derailed in Mexico on Sunday, according to the Mexican Navy.
The derailment occurred in Asunción Ixtaltepec, Oaxaca, on the train’s main line between Veracruz and Salina Cruz.
In a statement, the navy said that 36 people required hospital care and the rest sustained minor injuries.
Hundreds of naval personnel and rescue vehicles have been sent to the scene, it said.
Its main line only came into service in 2023, under a new program by then-Mexican president Andrés Manuel López Obrador to promote economic development in southern Mexico and create an alternative to the Panama Canal for cargo transport.",2025-12-28 00:00:00,['Alessandra Freitas'],1766983419.4296563,Other,True
https://www.cnn.com/2025/12/28/world/video/nigerians-message-to-trump-lagos-digvid,Nigerians send message to Trump after US airstrikes,Your effort and contribution in providing this feedback is much appreciated.,2025-12-28 00:00:00,['Melani Bonilla'],1766983425.3485363,Other,True
https://www.cnn.com/2025/12/28/us/video/nj-helicopter-crash-vrtc-digvid,Helicopter crash in New Jersey leaves one dead,"Two helicopters collided midair over southern New Jersey, resulting in one fatality and one person injured, officials said.
President Donald Trump, while voicing confidence at the state of peace discussions, underscored the talks remain highly complex and declined to provide a firm timeline for when they may be resolved.
CNN's Kevin Liptak reports in West Palm Beach, Florida Footage captured the moment a mother carried her child to safety after a 7.0 magnitude earthquake struck Taiwan.
Russia carried out attacks on Ukraine overnight, the day before Ukraine’s President Volodymyr Zelensky is set to meet President Donald Trump in Florida.
A group called Ansar al-Sunnah claimed responsibility for the attack, but Syrian officials have not publicly confirmed their claim.",2025-12-28 00:00:00,['Ileya Robinson-Williams'],1766983428.41258,Other,True
https://www.cnn.com/2025/12/28/world/video/trump-and-zelensky-appear-confident-but-no-major-breakthroughs-digvid-vrtc,"Trump and Zelensky appear confident, but no major breakthroughs in talks","President Donald Trump, while voicing confidence at the state of peace discussions, underscored the talks remain highly complex and declined to provide a firm timeline for when they may be resolved.
CNN's Kevin Liptak reports in West Palm Beach, Florida Footage captured the moment a mother carried her child to safety after a 7.0 magnitude earthquake struck Taiwan.
Iconic French actress Brigitte Bardot passed away on Sunday at the age of 91, according to a statement from her foundation.
Russia carried out attacks on Ukraine overnight, the day before Ukraine’s President Volodymyr Zelensky is set to meet President Donald Trump in Florida.
A group called Ansar al-Sunnah claimed responsibility for the attack, but Syrian officials have not publicly confirmed their claim.",2025-12-28 00:00:00,['Steven Kern'],1766983431.2513552,Other,True
https://www.cnn.com/2025/12/28/us/video/nj-helicopter-crash-digvid,Helicopter crash in New Jersey leaves one dead,Your effort and contribution in providing this feedback is much appreciated.,2025-12-28 00:00:00,['Ileya Robinson-Williams'],1766983437.0288548,Other,True
https://www.cnn.com/2025/12/28/us/video/decades-of-abuse-barry-brock-los-angeles-digvid,Nearly 500 accuse LA OB/GYN of decades of abuse,"Nearly 500 women accuse Dr. Barry Brock of decades of sexual abuse at Cedars-Sinai and his Los Angeles practice, with many saying their complaints were ignored.
Survivors continue to grapple with lasting trauma and barriers to speaking out, as a new California law opens a two-year window for filing sexual assault claims, no matter when the alleged abuse happened.",2025-12-28 00:00:00,['Melani Bonilla'],1766983443.8415768,Other,True
https://www.cnn.com/2025/12/28/us/video/atlanta-journal-constitution-final-print-edition-bill-torpy-intv-freeman-nrtf,The Atlanta Journal-Constitution turns the page on print edition,Video player was slow to load content Video content never loaded Ad froze or did not finish loading Video content did not start after ad Audio on ad was too loud Other issues Ad never loaded Ad prevented/slowed the page from loading Content moved around while ad loaded Ad was repetitive to ads I've seen previously Other issues,2025-12-28 00:00:00,['Danny Freeman'],1766983450.9035833,Other,True
https://www.newschannel5.com/news/state/tennessee/humphreys-county/remembering-2025-16-lives-lost-in-tennessee-explosives-plant-blast,Remembering 2025: 16 lives lost in Tennessee explosives plant blast,"HUMPHREYS CO., Tenn. (WTVF) — An blast at an explosives manufacturing plant in October killed 16 workers and left a small Tennessee community grappling with one of the most devastating workplace tragedies in recent memory.
In this small community, the investigation was deeply personal.
""We may not have known that individual personally, but in some form or fashion we do know their family or extended family.
It's just small county rural America—where everybody knows each other and we want to take care of each other,"" Davis said.
NewsChannel 5 Investigates uncovered that AES held licenses with the state fire marshal's office to buy and deal with explosives.",2025-12-26 17:30:00-06:00,"['Amanda Roberts', 'amanda-roberts']",1766983457.2656977,Other,True
https://www.cbsnews.com/newyork/news/newark-liberty-airport-terminal-b-and-c-measles-exposure/,N.J. health officials warn of potential measles exposures at Newark Liberty Airport. Here's what we know.,"New Jersey state health officials are warning of potential measles exposures at Newark Liberty International Airport.
The Department of Health said it is working with local health officials on contact tracing and to notify people who might have been exposed.
Read more: 20 more measles cases found in Rockland County, New York, as health leaders urge getting vaccinated Measles symptoms Measles becomes airborne and spreads when a sick person coughs or sneezes.
The virus can remain in the air for two hours after an infected person was present, according to county health officials.
They usually appear 10-12 days after exposure, but can occur within a week or up to three weeks later, health officials say.",2025-12-27 19:42:00-05:00,['Jeff  Capellini'],1766983461.9642403,Other,True
https://www.wtvr.com/news/local-news/dead-birds-mystery-hoskins-creek-bridge-tappahannock-dec-27-2025,Dozens of dead birds found on Tappahannock bridge prompt state wildlife investigation,"TAPPAHANNOCK, Va. — Dozens of birds were found dead in Tappahannock on Saturday morning, prompting a state wildlife investigation into the incident.
""Man, it is dead birds everywhere out here,"" Wayne Veney Jr. said in a video posted to Facebook around 8:50 a.m. ""These jokers is bleeding from the mouth.""
Tappahannock Police posted on social media that they were ""aware of multiple birds in the roadway"" and urged anyone who sees ""a mass of birds dead"" to avoid contact with them and contact state wildlife officials.
State wildlife officials warned against picking up or handling sick or dead wild birds.
Anyone who sees any of the following should call the Virginia Wildlife Conflict Helpline at 1-855-571-9003 or email wildlifehealth@dwr.virginia.gov.",2025-12-27 21:52:50-05:00,['WTVR CBS 6 Web Staff'],1766983466.7090592,Other,True
https://www.wdbj7.com/2025/12/26/five-year-old-raises-over-2000-patrick-county-animal-shelter/,"Five-year-old raises over $2,000 for Patrick County Animal Shelter","STUART, Va. (WDBJ) - A five-year-old in Patrick County is doing his part to help animals in need this holiday season.
Noah Beasley and his family are raising money for the Patrick County Animal Shelter.
I want them to have a Merry Christmas too,” said Noah Beasley, a five-year-old boy who lives in Patrick County.
For the second year in a row, Noah Beasley and his family have been raising money for the Patrick County Animal Shelter in the month of December.
She said he’s chosen the animal shelter two years in a row.",2025-12-26 00:00:00,['Colby Johnson'],1766983473.0378733,Other,True
https://wtop.com/fairfax-county/2025/12/their-son-died-of-a-fentanyl-overdose-now-fairfax-co-parents-can-finally-start-grieving/,Former JMU student sentenced for selling fentanyl that killed Fairfax Co. teen in 2023,"But years later, Sean, Afrodita and dozens of Cayden’s friends packed a Harrisonburg, Virginia, federal courtroom, as two people who admitted distributing the fentanyl that killed him were sentenced to over a decade behind bars.
It’s just been exhausting.” But last week, a federal judge sentenced 24-year-old Liam Conaway to 20 years in a federal prison.
Conaway was a student at James Madison University, and prosecutors said Cayden and Conaway had consumed pills together during Conaway’s school break from JMU.
On Jan. 27, 2023, court documents said Cayden sent Conaway $105 on Venmo to pay for the drugs.
The pills, documents said, were designed to look like 30 mg Percocet pills but were counterfeit and contained fentanyl.",2025-12-24 02:49:29+00:00,['Scott Gelman'],1766983478.7570562,Other,True
https://abc7ny.com/post/off-duty-nypd-officer-saves-neighbors-choking-baby-girl-elmont-long-island/18320349/,Off-duty NYPD officer saves neighbor's choking baby girl on Long Island,"ELMONT, Long Island (WABC) -- An off-duty NYPD officer jumped into action to save a choking baby's life after his neighbor ran to him frantically for help.
Surveillance video captured the desperate measures to save the 1-year-old girl who was lifeless in her mother's arms on Dec. 7.
NYPD officer Freddy Cerpa believes he was in the right place at the right time.
""I immediately reached out, grabbed the baby, began back slaps,"" Cerpa said.
""Choking is one of the leading causes of death in infants and children,"" said Sean McNerney with the American Red Cross.",2025-12-26 22:45:15+00:00,['Crystal Cranmore'],1766983485.4368286,Other,True
https://abc11.com/post/wendell-nc-woman-fatima-velazquez-antonio-shares-experience-immigration-detention-center-being-released/18325381/,Woman shares experience at Georgia immigration detention center month after she returns to NC,"WENDELL, N.C. (WTVD) -- A Wendell woman, detained by Border Patrol for more than a month, is sharing her experience at an immigration detention center after being released earlier this week.
For the last month, she stayed at a detention center in Georgia.
ABC11 asked Velazquez whether she received any explanation as to why she was detained.
For the last month, Velazquez said she spent 24 hours a day in a room with 60 other women.
She said seeing the support from people in Wake County also helped her get through her time at the detention center, including a rally held by neighbors and elected leaders calling for her release.",2025-12-28 04:26:00+00:00,['Jon Dowding'],1766983490.0664968,Other,True
https://www.wmar2news.com/news/region/harford-county/harford-county-detention-center-inmate-dies-after-series-of-cardiac-emergencies,Harford County Detention Center inmate dies after series of cardiac emergencies,"HARFORD COUNTY, Md.
— An inmate at the Harford County Detention Center has died following multiple cardiac-related emergency hospital visits, authorities say.
George Kenney, 69, was booked into the detention center on November 1 to serve an 18-month sentence for driving while impaired, stemming from charges filed August 11.
The Harford County Sheriff's Office Criminal Investigation Division launched an investigation into Kenney's death, with support from the Forensic Services Unit.
Officials say Kenney's death was the only in-custody death at the Harford County Detention Center in 2025.",2025-12-27 18:58:56-05:00,"['Dominick Philippe-Auguste', 'dominick-philippe-auguste']",1766983493.475221,Other,True
https://www.cbsnews.com/texas/news/texas-man-recounts-confrontation-with-a-stranger-faced-with-a-rifle-in-chick-fil-a-parking-lot/?intcid=CNM-00-10abd1h,"Texas man recounts confrontation with a stranger, faced with a rifle in Chick-fil-A parking lot","A confrontation, racist statements and an assault rifle were captured on video in East Texas last week.
So, I just pulled up and pulled into a parking spot, not knowing it was a handicap parking spot,"" he said.
McGaha said he had just gotten his order when a stranger walked up to his vehicle and reached inside his vehicle.
The stranger also made racist statements, which McGaha said were because he was parked in a handicapped space.
Henderson Police told CBS News Texas they are investigating the report made by McGaha.",2025-12-27 22:25:00-06:00,"['J.D.  Miles', 'Nathalie Marie Palacios']",1766983498.7479966,Other,True
https://www.kshb.com/news/local-news/kansas-nonprofit-helps-family-of-13-year-old-missing-boy-found-dead-in-bates-county,Kansas nonprofit helps family of 13-year-old missing boy found dead in Bates County,"KSHB 41 News reporter Braden Bates covers parts of Jackson County, Missouri, including Lee's Summit.
The family of 13-year-old Airen Andula, whose body was found in a Missouri ravine days before Christmas, is getting help from a Kansas nonprofit as they deal with their devastating loss.
Kansas nonprofit helps family of 13-year-old missing boy found dead in Bates County Police later said they found Andula's body in Bates County, Missouri.
KSHB 41 reached out to the Kansas City, Kansas Police Department by phone and email during the week and weekend.
If you would like to donate to the Andula family through Sammie's Toy Drive, click here.",2025-12-27 22:30:43-06:00,"['Braden Bates', 'www.kshb.com', 'braden-bates']",1766983504.220859,Mobile,True
https://www.cbsnews.com/chicago/news/1-man-killed-3-wounded-mass-shooting-chicago-river-north/,"1 man killed, 3 wounded in mass shooting in Chicago's River North district","Chicago police on Sunday morning were investigating a deadly mass shooting in the city's River North district.
The shooting happened at 2:35 a.m. in the 400 block of North LaSalle Drive, near Hubbard Street.
Police said the victims were getting into a car when four unidentified suspects approached them on foot, pulled out guns, and opened fire.
A 34-year-old man suffered multiple gunshot wounds to his body and was taken to Northwestern Memorial Hospital, where he died.
A 36-year-old man was shot in the chest, a 43-year-old man was shot in the back, and a 35-year-old man suffered multiple gunshot wounds throughout his body.",2025-12-28 06:45:00-06:00,"['Asal  Rezaei', 'Marissa  Sulek']",1766983507.8948565,Other,True
https://www.kcrg.com/2025/12/25/boy-sends-600-holiday-cards-nearly-4000-treats-dads-national-guard-unit-syria/,"Boy sends 600 holiday cards, nearly 4,000 treats to dad’s National Guard unit in Syria","ANAMOSA, Iowa (KCRG) - Oliver Young hasn’t seen his dad, Sergeant First Class Robert Young, in seven months - that’s when his National Guard unit was deployed to Syria.
Young’s second deployment since Oliver was born and his third in his 20 years with the Iowa Army National Guard.
Young does his best to call twice a day, it’s a difficult nine-hour time difference for the second grader.
To brighten up the Christmas season, Oliver decided to send cards and treats to his dad’s unit.
His message - after a shy look up at his mom... “Merry Christmas, soldiers.” A Merry Christmas - and another day closer to a family being together again.",2025-12-25 00:00:00,['Jocelyn Peshia'],1766983513.6458158,Other,True
https://www.khou.com/article/news/local/houston-theft-canada-family-passport/285-8e4e9d48-d61b-4c47-a062-76d9468322bf,Houston restaurant parking lot theft leaves Canadian family unable to return home,"HOUSTON — A Canadian family visiting the U.S. for the holidays is seeking help after thieves stole nearly all of their belongings, including their passports, leaving them stranded far from home.
“Our planning is from arriving in Dallas through Houston to San Antonio, Austin, see Big Bend, New Mexico and fly back from New Mexico,” Shih said.
Those plans unraveled on Christmas Eve while the family was dining at a dumpling restaurant in Houston.
Shih said they parked their car in a nearby lot after seeing a sign indicating restaurant customers were allowed to park there.
“Oh my God, it was smashed.” The thieves took all of the family’s luggage along with laptops, tablets, a cellphone, credit cards and all four of their Canadian passports, Shih said.",2025-12-26 16:47:00,['Trason Bragg'],1766983517.147107,Other,True
https://www.news5cleveland.com/news/local-news/hero-siblings-in-ashland-speak-out-after-saving-bus-driver-in-distress,Hero siblings in Ashland speak out after saving bus driver in distress,"Two heroic students in Ashland helped save a bus driver in distress Friday morning.
In a video, Catrina is seen asking the bus driver if she was okay, to which the driver shakes her head ""no.""
and she pointed at her throat, and then I ran back there and got the older kids,"" Catrina said.
He then uses the bus radio to call their school and ask for assistance.
""Bus driver is not breathing.""",2025-12-24 17:43:00-05:00,"['Mercy Sackor', 'mercy-sackor']",1766983522.8552978,Other,True
https://www.cbsnews.com/minnesota/news/wyoming-minnesota-m-health-fairview-lakes-hospital-security-guard-attack/,"Hospital security guard attacked by a patient on Christmas has died from her injuries, officials say","Police in Wyoming, Minnesota, said on Saturday that a hospital security guard, Andrea Merrell, who was involved in a confrontation on Christmas, has died due to injuries sustained from the incident.
She was attacked, police say, by a patient while on duty at M Health Fairview Lakes Medical Center.
""There wasn't really anybody that couldn't get along with Andrea,"" Velasquez said.
An ER patient is accused of attacking Merrell inside the medical center on Christmas Day, leading to a confrontation with a police officer outside the facility.
Merrell was transported to Regions Hospital in St. Paul, about 30 miles south of Wyoming, before she ultimately died on Saturday.",2025-12-26 09:52:00-06:00,['WCCO  Staff'],1766983526.3211827,Other,True
https://www.azfamily.com/2025/12/26/christmas-miracle-flagstaff-man-reunited-with-stolen-dog-5-years-later/,Christmas Miracle: Flagstaff man reunited with stolen dog 5 years later,"FLAGSTAFF, AZ (AZFamily) — A Flagstaff man received an unexpected Christmas gift when his dog was found five years after she was stolen from his workplace.
Arron Bailey Stump was reunited with Olive, his French bulldog, two weeks before Christmas after her microchip was scanned at Babbitt Ranch, about 45 minutes north of Flagstaff.
Stump got Olive in 2017 and took her to work with him daily.
After five years of waiting, Stump received an email notifying him that Olive’s microchip had been scanned.
“I called the lady and I said, ‘Hey my name is Arron Stump, do you have my dog?’ And she goes, ‘I have Olive right here,’” he said.",2025-12-26 00:00:00,['Mason Carroll'],1766983532.885798,Other,True
https://www.cbsnews.com/sanfrancisco/news/san-francisco-sunset-district-sideshow-destructive/,"Sideshow turns destructive in San Francisco's Sunset District, leaving neighbors shaken","A predawn sideshow in San Francisco's typically quiet Sunset District spiraled into chaos Saturday morning, leaving a rented U-Haul truck burned, a nearby vehicle damaged and neighbors angry over what they described as a delayed police response.
The sideshow erupted around 4:30 a.m. at two intersections just one block apart — Kirkham Street and the Lower Great Highway, and Kirkham Street and 48th Avenue — according to witnesses.
The U-Haul moving truck was set on fire near the intersection of Kirkham Street and 48th Avenue.
Newly appointed District 4 Supervisor Alan Wong met with neighbors Saturday afternoon to address concerns and discuss possible solutions.
Officers said they are continuing to investigate and are working to identify additional participants involved in the sideshow.",2025-12-27 20:38:30-08:00,['Da  Lin'],1766983536.7829075,Other,True
https://abc7news.com/post/dog-deaths-reports-abuse-prompt-san-francisco-police-investigation-pet-sitter-popular-rover-app/18326040/,"2 dog deaths, reports of abuse prompt investigation of San Francisco pet sitter from popular app","They're trying to make sense of a case that started with the hiring of a dog sitter from one of the most trusted service apps: Rover.
Felipe Morales-Torres is sounding the alarm about a dog sitter the Lake Merced neighborhood, one he found on the popular service app.
Tran and Amy Dinh left their dog, Aku, with the dog sitter on Dec. 19.
Aku died from complications related to dehydration.
As for the dog sitter, Hallman says there weren't any warning signs on his Rover profile.",2025-12-28 19:50:39+00:00,['Tara Campbell'],1766983542.845372,Mobile,True
https://www.cbsnews.com/losangeles/news/highgrove-deadly-shooting-2006-cold-case-arrest/,Suspect arrested nearly 20 years after Riverside County homicide,"Nearly 20 years after a deadly shooting in Riverside County, authorities have made an arrest in their decades-old cold case investigation.
They had identified Anthony Miera, now 51, as a suspect, but due to insufficient evidence to charge him, the case went cold.
Years later, while being reviewed by cold case investigators, sufficient evidence was discovered that would allow authorities to charge Miera.
He was arrested on Friday, Dec. 26, 2025, with help from the Riverside County District Attorney's Gang Impact Team, the release said.
The case was reopened in August 2025 as part of an ongoing effort to review cold case homicides, the release said.",2025-12-27 22:41:46-08:00,[],1766983554.4981952,Other,True
https://www.cbsnews.com/colorado/news/pilot-passenger-escape-unscathed-plane-crash-northern-colorado/,"Pilot, passenger escape unscathed after small plane crash in Northern Colorado","Two people in Northern Colorado made a lucky escape after their small plane crashed into a field on Saturday morning.
According to the Hudson Fire Protection District, crews were called to the scene of the crash around 9:22 a.m.
The small prop plane took off from Platte Valley Airpark, about three miles northwest of Hudson, and crash landed upside down in a field.
Surprisingly, both occupants were uninjured in the crash and managed to extricate themselves before firefighters arrived.
The department said the crash is under further investigation by the Weld County Sheriff's Office.",2025-12-27 16:49:00-07:00,['Christa  Swanson'],1766983557.5887988,Other,True
https://www.fox13now.com/news/colorado-river-collaborative/could-this-idea-help-solve-some-of-the-colorado-river-water-fights,Could this idea help solve some of the Colorado River water fights?,"SALT LAKE CITY — The president of the Utah State Senate has an idea he thinks could help states along the Colorado River.
In exchange, they'd give up some shares of water along the Colorado River for Utah and other upstream states to use.
He has been pushing the idea for years now, and one California water district has previously expressed some interest in it.
FOX 13 News and the Colorado River Collaborative asked about the status of the Senate President's idea during the recent meetings of the Colorado River Water Users Association in Las Vegas last week, where people seemed at least willing to consider the idea.
The seven states along the Colorado River have been in high-stakes negotiations over the future of the water supply for more than 40 million people.",2025-12-25 15:16:30-07:00,"['Ben Winslow', 'ben-winslow']",1766983565.8738317,Other,True
https://www.eastidahonews.com/2025/12/trumpeter-swans-feasting-on-rotten-potatoes/,Trumpeter swans feasting on rotten potatoes,"Different family groups began leaving every two or three minutes apart with a lone Snow goose joining one of them.
During the recent unusually warm month, hundreds of trumpeters have been feeding on the rotten potatoes on the bench east of Rexburg as well as in fields all the way to Shelley.
With no frost in the ground, the swans find the leftover spuds easy picking as the warm weather also allowed farmers to work the fields.
It appears the swans prefer the rotted potatoes more than wheat, corn or other seeds planted at Deer Parks Wildlife Management Area, west of the Menan Buttes.
There are some species of birds and animals that may be caught by the cold weather, as some of them have not migrated during this warm weather.",2025-12-27 23:53:57+00:00,['Bill Schiess'],1766983573.6336558,Other,True
https://www.ktnv.com/news/crime/police-27-year-old-man-jailed-for-killing-both-his-parents-in-east-las-vegas,Police: 27-year-old man jailed for killing both his parents in east Las Vegas,"LAS VEGAS (KTNV) — A 27-year-old man is jailed for open murder after police say he killed both his parents in an east Las Vegas home on Saturday.
According to information from the Las Vegas Metropolitan Police Department, dispatchers received a 911 call at 11:28 p.m. on Saturday from a man who told them ""he had just killed someone and wanted to harm himself.""
Dispatchers were able to trace the call to the 6400 block of New Brunswick Avenue, in the area of Washington Avenue and Sloan Lane.
While officers were driving to that location, police say the man called again from the area of Stewart Avenue and North Fogg Street.
Bailey was taken to the Clark County Detention Center and booked into jail for two counts of open murder with a deadly weapon, police said.",2025-12-28 13:23:11-08:00,"['Alyssa Roberts', 'www.ktnv.com', 'alyssa-roberts']",1766983579.0637,Other,True
